Stationsnamn,Markering,FilID,Beräkningsklass,SW99_X,SW99_Y,SW99_Z
Abisko,ABIS.0,0ABI,Definitiv,2233558.0146,761080.1000,5906185.7590
Albacken,ALBA.0,0ALE,Definitiv,2811734.0650,806979.0403,5649068.8622
Alfta,ALFT.0,0ALF,Definitiv,2946813.4799,848598.1370,5573978.3627
Alingsås,ALIN.0,0ALI,Definitiv,3313951.7359,736374.0516,5381673.3246
Almunge,ALMU.0,0ALM,Definitiv,3051687.1995,995723.5062,5493062.7877
Alsterbro,ALST.0,0ALS,Definitiv,3353530.5896,955732.3756,5322792.2452
Alvik,AVIK.0,0AVI,Definitiv,2458322.3827,983486.7937,5783174.0027
Ambjörby,AMBJ.0,0AMB,Definitiv,3065282.1664,716200.0456,5528849.2817
Ammarnäs,AMMA.0,0AMM,Definitiv,2502400.7698,727285.0578,5802471.8801
Aneby,ANEB.1,1ANE,Definitiv,3290693.0584,870337.5157,5376156.7416
Arboga,ARBO.0,0ARB,Definitiv,3131612.1844,888197.6050,5466620.6000
Ardala,ARDA.0,0ARD,Definitiv,3263534.2667,773681.1118,5407045.4478
Arholma,ARHO.2,2ARH,Definitiv,3033345.4925,1051898.6610,5492740.8035
Arjeplog,ARJE.0,0ARJ,Definitiv,2441775.4353,799268.0400,5818729.1655
Arjeplog-C,ARJT.0,0ART,Definitiv,2471781.2646,795582.5218,5806614.7830
Arjeplog-Mast,ARJE.6,6ARJ,Definitiv,2441772.8378,799272.2184,5818730.2519
Arkö,ARKO.1,1ARK,Definitiv,3196907.9389,975114.5146,5414101.0773
Arvidsjaur,ARVI.0,0ARV,Definitiv,2496440.8461,868007.3312,5785744.9958
Arvika,ARVK.0,0ARA,Definitiv,3152191.3207,704597.7851,5481517.5259
AstaZero1,AZ1_.0,0AZ1,Definitiv,3325126.4878,754219.1991,5372519.4048
AstaZero3,AZ3_.0,0AZ3,Definitiv,3324508.4079,753508.5807,5372985.9440
AstaZero4,AZ4_.0,0AZ4,Definitiv,3324034.1875,753245.7337,5373313.0795
Attarp,ATTA.0,0ATT,Definitiv,3298730.0796,829944.7032,5377487.9841
Bagaregården,BAGA.1,1BAG,Definitiv,3339599.6517,710996.0506,5369302.3373
Bastuträsk,BAST.0,0BAS,Definitiv,2559131.2414,933302.6225,5748152.6777
Bengtsfors,BEFO.0,0BEF,Definitiv,3214294.1834,696618.2593,5446644.0795
Bergnäset,BENA.0,0BEN,Definitiv,2450955.3655,994774.6675,5784377.4068
Bergsbyn,BEBY.0,0BEB,Definitiv,2548328.3653,982499.7762,5744510.5772
Bie,BIE_.0,0BIE,Definitiv,3154144.5427,917058.6724,5449042.9171
Biskopsgården,BISK.0,0BIS,Definitiv,3340791.7367,703522.7281,5369558.9620
Bispgården,BISP.0,0BIP,Definitiv,2779471.5974,829927.6753,5661550.2458
Bjuröklubb,BJUR.0,0BJU,Definitiv,2562313.0424,1013194.0008,5733061.4273
Bjärnum,BJAR.1,1BJA,Definitiv,3446720.7526,840932.5188,5282731.9495
Björneborg,BJOR.0,0BJO,Definitiv,3169460.6149,805521.2843,5457845.6618
Blankaholm,BLAN.0,0BLA,Definitiv,3286234.8395,974376.3117,5360885.8690
Blidö,BLID.0,0BLI,Definitiv,3058755.9555,1047267.5952,5479599.8139
Blå Lagunen,BLAG.1,1BLG,Preliminär,2322376.1918,872654.7115,5856750.8373
Bollebygd,BOLL.1,1BOL,Definitiv,3337322.6123,744182.1384,5366257.9809
Borås,BORA.0,0BOR,Definitiv,3328984.8227,761910.0675,5369033.4867
Borås_mast,BORA.7,7BOR,Preliminär,3328988.6623,761917.7743,5369031.4827
Boteå,BOTE.1,1BOT,Definitiv,2752867.9275,879450.6535,5666885.3875
Botsmark,BOTS.1,1BOS,Definitiv,2606386.3539,961467.5480,5722333.4848
Bottnaryd,BOTT.1,1BTT,Preliminär,3310843.3450,814735.9011,5372536.3322
Bro,BRO_.0,0BRO,Definitiv,3091527.9223,982715.1817,5473221.3843
Brokind,BKIN.0,0BKI,Definitiv,3240151.4964,908680.2441,5400150.6391
Brunnsbo,BRUN.0,0BRU,Definitiv,3339321.1056,708096.9206,5369806.2900
Brände,BRAN.0,0BRA,Definitiv,2585147.7656,991231.2419,5726716.3829
Bugärde,BUGA.0,0BUG,Definitiv,3339764.6546,734633.4885,5366138.0169
Bureå_C,BUEA.0,0BUE,Definitiv,2555637.2548,991474.0750,5739761.8288
Burträsk,BURT.0,0BUR,Definitiv,2574747.4741,970793.8417,5734869.8831
Bygdeå,BYGD.0,0BYG,Definitiv,2615517.4881,996812.8909,5711984.5643
Byske,BYSK.0,0BYS,Definitiv,2524326.8356,979607.3031,5755528.3332
Båstad,BSTA.0,0BST,Definitiv,3446742.3835,786137.0642,5290998.8917
Böda,BODA.1,1BOD,Definitiv,3306742.8691,1014675.1610,5340866.5302
Charlottenberg,CHAR.1,1CHA,Definitiv,3134619.5775,683804.4155,5494186.7607
Dala_Järna,DAJA.0,0DAJ,Definitiv,3045826.1377,780373.7181,5531000.6336
Dalby,DALB.0,0DAL,Definitiv,3507993.6984,832556.9558,5243832.8851
Degeberga,DEGB.0,0DEG,Definitiv,3482422.1569,873963.3317,5254002.6940
Dingle,DILE.0,0DIL,Definitiv,3270305.8125,670006.6334,5416632.7844
Docksta,DOCK.0,0DOC,Definitiv,2750728.0696,911418.5373,5662863.7351
Dorotea,DORO.0,0DOR,Definitiv,2664074.8119,784911.7285,5722865.7585
Dundret,DUND.1,1DUN,Definitiv,2329712.5338,876439.3376,5853550.9078
Dångebo,DANG.0,0DAN,Definitiv,3404669.5778,922053.9851,5296402.5825
Dåva,DAVA.0,0DAV,Definitiv,2639756.0288,982378.6151,5703413.6917
Ed,ED__.0,0ED_,Definitiv,3230457.5644,683220.8539,5438864.1445
Edsbruk,EDSB.0,0EDB,Definitiv,3247881.7423,960633.6358,5386514.6791
Edsele,EDSE.0,0EDS,Definitiv,2744505.3965,815120.2420,5680585.2488
Ekeby,EKEB.0,0EKB,Definitiv,3483385.8993,802116.4500,5264796.0803
Eketorp,EKET.0,0EKE,Definitiv,3404423.0803,1007062.8389,5280999.2592
Eksund,ESND.0,0ESN,Definitiv,3201813.7982,923923.7573,5420173.0369
Enstaberga,ENST.0,0ENS,Definitiv,3172798.5221,961561.1102,5430622.6144
Enviken,ENVI.0,0ENV,Definitiv,3001500.3745,847443.3604,5545148.7460
Ersboda,ERSB.0,0ERS,Definitiv,2642244.5937,979257.6006,5702812.1174
Ersmark,EMAK.0,0EMA,Definitiv,2539667.3403,969107.2416,5750609.0959
Eskilstuna,ESKI.0,0ESK,Definitiv,3123560.4957,925866.7746,5465003.4494
Eslöv,ESLO.0,0ESL,Definitiv,3493357.2613,826457.7814,5254474.0068
Falkenberg,FBER.2,2FBG,Definitiv,3408948.7337,754934.8049,5319755.5159
Falköping,FALK.0,0FAL,Definitiv,3278189.9437,790418.3563,5395964.5995
Falun,FALU.0,0FLU,Definitiv,3020854.2946,844732.8818,5535078.1691
Filipstad,FILI.0,0FIL,Definitiv,3126683.5671,788974.1915,5484677.9091
Filipstad,FILI.1,1FIL,Preliminär,3126683.5954,788974.0579,5484677.8743
Finnbacka,FINN.0,0FIN,Definitiv,2981694.7634,830908.9268,5558554.8507
Flurkmark,FLUR.0,0FLR,Definitiv,2632118.8492,970316.9479,5709004.8861
Fredrika,FRED.0,0FRE,Definitiv,2652983.1323,882669.8959,5713799.0938
Fredriksberg,FRBG.0,0FRB,Definitiv,3084034.6746,790180.0794,5508620.4585
Friggesund,FRIG.0,0FRI,Definitiv,2887473.3612,858327.0413,5603214.3417
Frölunda,FROL.0,0FRL,Definitiv,3347421.9081,706156.0571,5365090.0310
Frövi,FROV.2,2FRO,Definitiv,3132310.6305,860647.1590,5470641.2795
Funäsdalen,FUNA.0,0FUN,Definitiv,2880170.0504,643850.7105,5636020.4130
Furudal,FURD.0,0FUR,Definitiv,2976754.6354,805544.5573,5564635.8721
Fårö,FARO.0,0FAR,Definitiv,3208031.3732,1113333.5707,5380981.7304
Fällfors,FAFO.0,0FAF,Definitiv,2515269.0098,954786.3864,5763784.0949
Gamla_Storbäcken,GSTO.0,0GST,Definitiv,2607158.6527,989563.1730,5717066.7390
Gammelsta,GAMM.0,0GAM,Definitiv,3178008.6840,948306.1080,5429905.6004
Gimo,GIMO.1,1GIM,Definitiv,3021850.1755,991777.7132,5510118.0238
Glommersträsk,GLOM.0,0GLO,Definitiv,2521212.8058,898930.2219,5770327.7579
Grebbestad,GEBB.0,0GEB,Definitiv,3258524.2317,648814.9940,5426227.5969
Grillby,GRIL.0,0GRI,Definitiv,3087757.7801,958838.7995,5479536.7292
Grisslehamn,GRIS.0,0GIS,Definitiv,3017220.4196,1027210.7195,5506170.8431
Gryt,GRYT.1,1GRY,Definitiv,3226575.9976,974212.8534,5396771.9081
Gråbo,GRAB.0,0GRB,Definitiv,3325816.6194,724272.2222,5376024.5858
Gräftåvallen,GRAF.0,0GRN,Definitiv,2813762.8119,699874.2019,5662613.7125
Grängesberg,GRAN.0,0GRA,Definitiv,3081967.6645,824651.9248,5504761.5282
Gränna,GRNN.0,0GNA,Definitiv,3278595.7118,845542.8345,5387269.5330
Gräsmark,GMAR.0,0GMA,Definitiv,3121439.7523,715453.8418,5497598.9067
Grästorp,GRAS.0,0GRS,Definitiv,3274983.4403,736670.1029,5405260.0096
Grövelsjön,GROV.0,0GRO,Definitiv,2927623.1961,639248.7596,5612310.6754
Gullspång,GULL.0,0GUL,Definitiv,3195549.3879,803241.3507,5442960.5260
Gumboda,GUMB.0,0GUM,Definitiv,2595129.6859,997140.5718,5721173.6577
Gunnarsbyn,GUNN.0,0GUN,Definitiv,2407200.2704,962834.7739,5807975.8382
Gustavsberg,GVBG.0,0GVG,Definitiv,3095442.9653,1029123.2481,5462554.2706
Gäddede,GADD.0,0GAD,Definitiv,2669718.4859,672510.9118,5734475.9579
Gällivare,GVAR.0,0GVA,Definitiv,2325424.7830,877159.8651,5854721.9872
Gällö,GALL.1,1GAL,Preliminär,2809707.8801,765273.8527,5655912.1905
Gävle,GAVL.4,4GAV,Definitiv,2993588.9363,922760.0696,5537295.7325
Gävle,GAVT.1,1GAT,Definitiv,2993590.3046,922758.4851,5537295.2609
Gävle5,GAVL.5,5GAV,Definitiv,2993600.3077,922803.8852,5537281.7834
Hagfors2,HAGF.1,1HAG,Definitiv,3102906.3444,756659.1164,5502611.2534
Halmstad,HALM.1,1HAD,Definitiv,3426432.4163,778902.5682,5305135.4655
Hammerdal,HDAL.0,0HDA,Definitiv,2743927.5403,753343.1006,5689492.7446
Hamra,HAMR.0,0HAM,Definitiv,2932847.4877,785883.9128,5590803.1917
Haparanda,HAPA.0,0HAP,Definitiv,2390142.0550,1070747.4094,5796167.7130
Hassela,HSSA.0,0HSA,Definitiv,2865276.7279,860260.6751,5614325.5180
Hasselfors,HAFO.0,0HAF,Definitiv,3178133.5473,830990.9200,5448945.2776
Hasslerör,HROR.0,0HRO,Definitiv,3219412.5065,798972.8733,5429569.4393
Haverdal,HAVD.0,0HAV,Definitiv,3421891.4353,769113.2777,5309473.0036
Haverö,HAVE.0,0HAE,Definitiv,2861334.4946,773761.2204,5628979.8150
Hede,HEDE.0,0HED,Definitiv,2879086.4351,691909.3164,5630727.3445
Hedesunda,HSUN.0,0HSU,Definitiv,3020845.8053,924162.5840,5522400.7624
Helsingborg,HELS.1,1HEL,Definitiv,3483145.0056,785605.7100,5267380.2517
Hemavan,HEMA.0,0HEM,Definitiv,2529751.7534,681679.1142,5796246.2662
Hemse,HEMS.0,0HMS,Definitiv,3283073.9385,1091007.9481,5340444.4615
Hennan,HENN.0,0HEN,Definitiv,2884800.4980,822298.3182,5610126.3613
Herrestad,HSTA.0,0HST,Definitiv,3283569.9719,688377.2757,5406357.4842
Herrljunga,HERR.2,2HER,Definitiv,3294049.3290,761583.4913,5390353.0746
Hillerstorp,HILL.0,0HIL,Definitiv,3351528.7476,828634.1789,5345223.1881
Hjo,HJO_.0,0HJO,Definitiv,3255728.4467,829058.4061,5403566.9229
Hjältevad,HJVA.0,0HJV,Definitiv,3301096.1923,905762.9680,5363931.3553
Hoburgen,HOBU.0,0HOB,Definitiv,3315707.1992,1087011.0402,5321220.7817
Hol,HOL_.0,0HOA,Definitiv,3308338.3088,745170.9867,5383997.7854
Holmsjö,HOSJ.0,0HOJ,Definitiv,3402730.6109,953591.3193,5292049.3116
Holmsund,HOLM.0,0HOS,Definitiv,2658636.4745,988138.2420,5693663.2817
Holmön,HOON.0,0HLM,Definitiv,2637812.7992,1005418.8562,5700273.2442
Horndal,HORN.0,0HOR,Definitiv,3040132.1783,894948.8628,5516726.4103
Hotagen,HOTA.0,0HOT,Definitiv,2721007.6232,686844.2403,5708763.2500
Huddinge,HUDD.0,0HDG,Definitiv,3112971.7647,1007507.1382,5456708.4216
Hudiksvall,HUDI.0,0HUD,Definitiv,2894697.1178,892723.3038,5594122.9125
Husum,HUSU.2,2HUS,Definitiv,2711463.3309,942362.6258,5676627.3668
Hybo,HYBO.0,0HYB,Definitiv,2902251.7582,843669.3802,5597931.1726
Hållnäs,HNAS.0,0HNA,Definitiv,2993458.0448,965709.0470,5530070.5050
Hällefors,HALE.0,0HFS,Definitiv,3115217.9242,806835.6561,5488627.9276
Hällestad,HLLS.0,0HLL,Definitiv,3195989.9483,890647.5814,5429141.5531
Hällevik,HALV.1,1HLV,Definitiv,3456798.9927,906263.9978,5265352.7429
Hällsvik,HVIK.0,0HVI,Definitiv,3344670.5474,694924.3548,5368172.3567
Häradsbäck,HARA.2,2HAR,Definitiv,3414124.1554,880444.6285,5297436.3484
Hässleholm,HASS.0,0HAS,Preliminär,3464655.8397,845749.9433,5270271.4943
Hässleholm-Mast,HASS.6,6HAS,Definitiv,3464660.8302,845747.1544,5270269.1517
Höljes,HOLJ.1,1HOL,Definitiv,3035205.3875,678371.1512,5550123.7620
Hölö,HOLO.0,0HLO,Definitiv,3137882.2418,992008.1748,5445309.2127
Hörnefors,HRNE.0,0HRN,Definitiv,2671664.3430,967646.2090,5691111.8636
Höör,HOOR.0,0HOO,Definitiv,3481559.5045,838595.2913,5260343.1481
Idre,IDRE.1,1IDR,Definitiv,2942467.6765,663829.4973,5601489.7692
Jokkmokk,JOKK.0,0JOK,Definitiv,2389200.0056,861689.8055,5831334.6724
Jonstorp,JONS.0,0JTP,Definitiv,3467026.7690,779816.7636,5278744.6208
Junosuando,JUNO.0,0JUO,Definitiv,2268172.7690,939546.0232,5867241.0041
Junsele,JUNS.0,0JUN,Definitiv,2712015.4989,823350.5758,5694938.7850
Jäkkvik,JAKK.0,0JAK,Definitiv,2450646.7987,747643.5423,5821822.3785
Jämjö,JAMJ.0,0JAM,Definitiv,3422585.7566,970289.5432,5276197.3783
Järfälla,JFAA.0,0JFA,Definitiv,3096246.8125,996146.5489,5468201.2613
Järna,JARN.2,2JRN,Definitiv,3132093.5474,990963.8923,5448790.8622
Järpen,JARP.0,0JAR,Definitiv,2789756.8513,667140.0388,5678055.0305
Jättendal,JATT.0,0JAT,Definitiv,2869474.1165,891380.2236,5607236.7408
Jävre,JAVR.0,0JAV,Definitiv,2500466.8936,984256.9530,5765093.6991
Jönköping,JONK.0,0JON,Definitiv,3309991.8425,828932.0757,5370882.2668
Jönköping-Mast,JONK.6,6JON,Definitiv,3309994.3596,828938.4341,5370879.8533
Jönåker,JONA.0,0JNA,Definitiv,3177103.0664,955286.4715,5429200.3337
Jörn,JORN.0,0JOR,Definitiv,2534080.4818,924498.9839,5760604.7718
Kallsedet,KASE.0,0KAS,Definitiv,2761499.8155,635453.8297,5695426.8751
Karlsborg,KABO.0,0KBO,Definitiv,3231389.6293,836376.1385,5416936.4196
Karlstad,KARL.0,0KAR,Definitiv,3160763.3650,759160.1400,5469345.5053
Karlstad-Mast,KARL.6,6KAR,Definitiv,3160760.4417,759158.9146,5469347.0528
Katthammarsvik,KATT.0,0KAT,Definitiv,3257720.4663,1111411.4400,5351667.8667
Kebnekaise,KEBN.1,1KEB,Definitiv,2283917.6611,769631.1109,5886220.1096
Kiruna,KIRU.0,0KIR,Definitiv,2248123.4998,865686.5318,5886425.6002
Kiruna,KIRU.7,7KIR,Definitiv,2248126.2949,865692.0531,5886423.7614
Kiruna_V,KIRV.0,0KIV,Definitiv,2268542.3609,835971.6670,5882962.3957
Kiruna-C,KIRC.0,0KIC,Definitiv,2262117.9103,833865.0913,5885792.7532
Kiruna-E,KIRE.0,0KIE,Definitiv,2261176.2626,840031.9336,5885110.5335
Kiruna-Mast,KIRU.8,8KIR,Preliminär,2248127.3790,865685.4639,5886424.3106
Klintehamn,KLIN.0,0KLI,Definitiv,3273234.5412,1076938.4381,5349249.6470
Knivsta,KNIV.0,0KNI,Definitiv,3069496.5925,985187.5025,5485090.7952
Knäred,KNAR.0,0KNA,Definitiv,3431762.8471,812400.0797,5296792.8518
Kobben,KOBB.0,0KOB,Definitiv,2999028.2438,987781.9707,5523180.7021
Kolsva,KOLS.0,0KOL,Definitiv,3113119.0212,884100.5755,5477809.5588
Koppom,KOPP.0,0KOP,Definitiv,3152146.5686,679276.4016,5484759.4730
Korpilombolo,KORP.0,0KOR,Definitiv,2314045.8261,984902.1594,5841955.6118
Kortedala,KORT.0,0KOT,Definitiv,3335592.1727,711293.7131,5371798.1947
Koskullskulle,KOSK.1,1KOS,Definitiv,2317857.8297,873524.9392,5858241.5084
Kosta,KSTA.0,0KST,Definitiv,3371474.3790,928322.4867,5316478.2060
Kramfors,KRAM.0,0KRA,Definitiv,2774197.6881,897520.9396,5653796.4474
Kristianstad,KRIS.0,0KRI,Definitiv,3463104.9292,875179.4506,5266435.2437
Krokek,KREK.0,0KRE,Definitiv,3190014.6692,935130.3476,5425234.6786
Krokslätt,KROK.0,0KRO,Definitiv,3343776.3718,709796.3462,5366888.0841
KTH,KTH_.1,1KTH,Definitiv,3098980.3634,1011283.9688,5463893.8543
Kumla,KUML.0,0KUM,Definitiv,3166596.8030,856768.8906,5451620.5258
Kungsholmsfort,KUNG.0,0KUN,Definitiv,3434083.6291,958104.6733,5270952.7967
Kvikkjokk,KVIK.0,0KVI,Definitiv,2386163.0296,763314.2485,5846236.9340
Kåbdalis,KABD.0,0KAB,Definitiv,2430673.5641,884172.8307,5811029.9092
Kållandsö,KALL.0,0KAL,Definitiv,3237443.6071,758888.4006,5424620.7608
Kårböle,KARB.0,0KRB,Definitiv,2897354.8008,793434.4296,5607862.8464
Köpingsvik,KOVI.0,0KOV,Definitiv,3345367.7818,1005218.6500,5318711.3234
Lakaträsk,LAKA.0,0LAK,Definitiv,2400196.8656,927540.6646,5816709.2685
Landskrona,LAND.1,1LAD,Definitiv,3495508.8420,795886.1944,5257685.1258
Landvetter,LNDV.0,0LND,Definitiv,3341201.3152,728300.4202,5366108.3728
Landvetter_C,LNDC.0,0LNC,Definitiv,3340618.5575,722856.6330,5367087.2081
Lansjärv,LANS.0,0LAJ,Definitiv,2346878.8522,957357.8918,5833406.2164
Leksand,LEKS.0,0LEK,Definitiv,3022573.1875,802945.6384,5540683.9645
Leksand-Mast,LEKS.6,6LEK,Definitiv,3022567.2691,802951.3078,5540685.8644
Lennartsfors,LENN.0,0LEN,Definitiv,3192280.3077,673626.7275,5462330.8878
Liden,LIDE.1,1LID,Definitiv,2807864.2109,847869.5657,5644926.3920
Lidhult,LIHU.0,0LIH,Definitiv,3402056.7739,813570.9157,5315735.8074
Lidingö,LIDO.0,0LIO,Definitiv,3096450.9011,1013687.7250,5464878.0738
Lidköping,LIDK.0,0LKO,Definitiv,3253240.2722,758784.6797,5415241.3369
Lilla Edet,LEDE.0,0LED,Definitiv,3301808.4047,710295.2567,5392549.4425
Lillhärdal,LILL.0,0LIL,Definitiv,2926392.6903,733254.1708,5601253.5500
Lillkobben,LKBB.0,0LKB,Definitiv,3000047.2075,986222.9954,5522905.9359
Lindesnäs,LIND.1,1LIN,Definitiv,3064016.0808,793861.8843,5519122.0636
Lindholmen,LHOL.0,0LHO,Definitiv,3341846.4426,706704.3691,5368413.6024
Linghem,LHEM.0,0LHE,Definitiv,3220322.7305,911042.6852,5411504.7018
Linköping_C,LINC.0,0LIC,Definitiv,3224877.4213,902011.7325,5410267.5957
Linsell,LIEL.0,0LIE,Definitiv,2899538.5075,717095.4596,5617135.6094
Ljungby2,LJUN.2,2LJU,Definitiv,3394557.7537,842271.6244,5316045.0259
Ljungbyhed,LBYH.0,0LBH,Definitiv,3472811.3907,817287.1005,5269371.3474
Ljungdalen,LDAL.0,0LDA,Definitiv,2846029.7632,646124.8375,5652983.1926
Lofsdalen,LOFS.0,0LOF,Definitiv,2909702.8477,686509.3378,5616173.3799
Loftahammar,LFTA.0,0LFT,Definitiv,3253738.0153,976087.7176,5380203.5909
Lovö,LOVO.0,0LOV,Definitiv,3104219.4533,998383.9784,5463290.5089
Lovö-Mast,LOVO.6,6LOV,Definitiv,3104211.1222,998381.5791,5463295.5817
Lugnås,LUGN.1,1LUG,Definitiv,3232685.3948,787603.5565,5423380.2690
Luleå,LULE.0,0LUL,Definitiv,2450271.5995,1000701.2356,5783646.4027
Lumsheden,LUMS.0,0LUM,Definitiv,3003501.3974,875487.1312,5539792.1505
Lycksele,LYCK.1,1LYC,Definitiv,2596498.2474,877208.3034,5740259.8113
Långsele,LASE.0,0LSE,Definitiv,2758145.3488,846688.0878,5669350.4220
Långserud,LARU.0,0LAR,Definitiv,3187801.5747,715825.6224,5459567.3293
Långshyttan,LANG.0,0LAN,Definitiv,3030340.1583,870622.2920,5525927.2103
Långträsk,LANT.1,1LAT,Definitiv,2498276.5026,926081.1859,5775933.1605
Lästringe,LAST.0,0LAS,Definitiv,3152809.2559,982790.3227,5438381.7316
Löberöd,LOBE.0,0LOB,Definitiv,3495815.7866,840232.5372,5250742.0112
Löddeköpinge,LODD.0,0LOD,Definitiv,3504242.7051,808743.9770,5249934.7555
Lövånger,LOVA.0,0LVA,Definitiv,2577162.8138,1005475.5623,5727772.7598
Malmberget,MALB.0,0MLM,Definitiv,2319459.9045,876358.9457,5857324.2993
Malmköping,MALK.0,0MLK,Definitiv,3141411.2710,943715.0533,5451825.1303
Malmö,MALM.1,1MAL,Definitiv,3518630.7064,814269.1824,5239548.5151
Malung,MALU.0,0MLU,Definitiv,3041410.8227,742848.1830,5538623.4081
Malå,MALA.0,0MLA,Definitiv,2541510.3911,863152.4067,5766869.8426
Mariefred,MARI.1,1MRF,Definitiv,3121531.6281,967776.0600,5458913.0370
Markaryd,MARK.0,0MAK,Definitiv,3433661.7183,830174.4965,5292873.1415
Matfors,MATF.0,0MAT,Definitiv,2836876.9902,866198.8721,5627654.4854
Medle,MEDL.0,0MED,Definitiv,2553667.2810,963613.3175,5745418.9002
Mellerud,MLLR.0,0MLL,Definitiv,3243270.9035,716361.3845,5426922.7229
Mjölby,MJOL.0,0MJO,Definitiv,3241110.8582,876032.8062,5404956.6643
Mockfjärd,MOCK.0,0MOC,Definitiv,3041209.8473,813003.1176,5528789.1823
Molkom,MOLK.0,0MKO,Definitiv,3143405.6078,767787.6285,5478082.8693
Mollösund,MOLL.1,1MOL,Definitiv,3313069.9372,673081.6704,5390384.2889
Mora,MORA.0,0MOR,Definitiv,2999473.7199,779305.6516,5556175.6264
Morgongåva,MORG.0,0MGV,Definitiv,3064542.0646,934208.2228,5496739.1223
Morjärv,MRJA.0,0MRJ,Definitiv,2393484.0139,1001302.7175,5807138.1602
Moskosel,MSEL.0,0MSE,Definitiv,2465063.5469,870871.5297,5798605.4964
Motala_C,MOTC.0,0MOT,Definitiv,3222980.7086,864218.7589,5417572.4577
Munka-Ljungby,MUNK.0,0MUN,Definitiv,3461324.2992,793801.1037,5280395.9594
Munkfors,MUFO.0,0MUF,Definitiv,3123797.6286,752393.5881,5491352.0344
Månsarp,MANS.0,0MAN,Definitiv,3317357.6820,831796.3905,5365953.3205
Mårtsbo,MART.6,6MAR,Definitiv,2998189.7140,931451.5922,5533398.4755
Mårtsbo,MTST.0,0MTS,Definitiv,2998198.2786,931440.7907,5533394.2755
Mårtsbo,MTST.1,1MTS,Definitiv,2998183.0209,931454.6588,5533400.6688
Mårtsbo,MTST.2,2MTS,Preliminär,2998182.5333,931456.8903,5533400.6603
Mårtsbo-Mast,MART.7,7MAR,Preliminär,2998198.7618,931449.7122,5533392.6383
Mårtsbo-Mast2,MART.8,8MAR,Definitiv,2998197.9056,931461.4217,5533391.7246
Märsta,MRST.0,0MRS,Definitiv,3077349.7264,991577.2972,5479568.5038
Mölle,MOLE.0,0MLE,Definitiv,3464704.7695,768049.9613,5281976.6755
Mölnlycke,MOLN.0,0MLY,Definitiv,3343979.3977,717781.0297,5365676.3912
Mönsterås,MOAS.0,0MOA,Definitiv,3335690.5145,984186.3236,5328643.3013
Mörbylånga,MOBY.0,0MOB,Definitiv,3383009.3522,994304.8852,5297044.2640
N Unnaryd,NUNN.0,0NUN,Definitiv,3328457.0196,812916.3517,5361973.2680
Nattavaara,NATT.0,0NAT,Definitiv,2357386.7591,902794.2604,5838083.3542
Nihkagobba,NIHK.0,0NIH,Definitiv,2264710.0789,828651.2238,5885534.8744
Nikkala,NIKK.0,0NIK,Definitiv,2396284.6046,1062626.4032,5795119.7335
Norberg,NORB.0,0NBG,Definitiv,3068754.1123,875354.0556,5504108.6821
Nornäs,NOAS.0,0NOA,Definitiv,2976894.5991,700428.5831,5578955.8813
Norra Biotesten,NBIO.0,0NBI,Definitiv,2997268.6836,984789.9263,5524659.3299
Norrbäck,NOBA.0,0NBA,Definitiv,2602873.0536,829615.1963,5744673.1143
Norrfjärden,NOFJ.0,0NFJ,Definitiv,2475469.5260,974752.6966,5777382.8469
Norrfors,NOFO.0,0NOF,Definitiv,2672964.6882,920134.1021,5698485.8405
Norrköping,NORR.0,0NOR,Definitiv,3199093.3208,932231.2892,5420322.4826
Norrköping-Mast,NORR.7,7NOR,Definitiv,3199101.5642,932233.0122,5420316.8673
Norråker,NRRA.0,0NRA,Definitiv,2658397.1279,741825.2324,5731134.8658
Norsholm,NHLM.0,0NHL,Definitiv,3210874.3707,919223.3733,5415644.3112
Norsjö,NOSJ.0,0NOS,Definitiv,2556856.7668,904511.7549,5753798.6997
Nyborg,NYBO.0,0NYB,Definitiv,2410777.8304,1031767.9085,5794689.5056
Nybro,NBRO.0,0NBR,Definitiv,3371478.3047,960961.5438,5310548.2648
Nyköping,NYKO.0,0NYK,Definitiv,3170587.6838,967988.5425,5430753.8547
Nyliden,NYLI.0,0NYL,Definitiv,2685695.6640,898443.2495,5696063.1951
Nynäshamn,NYNA.0,0NYN,Definitiv,3141747.6650,1017435.8062,5438418.1526
Nässjö,NASS.0,0NAS,Definitiv,3308723.2484,867883.0334,5365652.0771
Ockelbo,OCKE.0,0OCK,Definitiv,2979384.2802,894802.7686,5549526.8152
Onsala,ONSA.0,0ONS,Definitiv,3370658.8291,711876.9374,5349786.7382
Onsala_mast,ONSA.1,1ONS,Preliminär,3370667.1989,711818.7214,5349787.8750
Onsala_TT1,OTT_.1,1OTT,Definitiv,3370848.9702,711517.9206,5349715.2691
Onsala_TT2,OTT_.2,2OTT,Definitiv,3370887.4853,711503.5403,5349694.5583
Onsala_TT3,OTT_.3,3OTT,Definitiv,3370856.3112,711651.9374,5349692.4110
Onsala_TT4,OTT_.4,4OTT,Definitiv,3370918.4251,711539.6127,5349671.0333
Onsala_TT5,OTT_.5,5OTT,Definitiv,3370940.4910,711599.6065,5349650.9424
Onsala_TT6,OTT_.6,6OTT,Definitiv,3370970.8494,711556.4166,5349635.8602
Oppeby,OPPE.0,0OPP,Definitiv,3256897.6229,922031.6724,5387884.2168
Ornö,ORNO.0,0ORO,Preliminär,3119375.6151,1039602.8408,5447018.0699
Orrefors,ORRE.0,0ORR,Definitiv,3365866.3485,948948.8726,5316320.9610
Oskarshamn,OSKA.0,0OSK,Definitiv,3341340.1851,957912.3000,5330003.2165
Oskarshamn_C,OSKC.0,0OKC,Definitiv,3316627.9366,980248.9688,5341172.6264
Oskarshamn-Mast,OSKA.6,6OSK,Definitiv,3341336.3629,957914.5592,5330005.7044
Oskarström,OSAM.0,0OSA,Definitiv,3411116.2375,786172.8271,5313897.4756
Oxelösund,OXEL.0,0OXE,Definitiv,3177394.6475,977921.4809,5425008.2107
Pahtovare,PAHT.0,0PAH,Definitiv,2270593.1683,830307.6930,5883030.6074
Pauliström,PAUL.0,0PAU,Definitiv,3313198.0231,919489.0794,5354180.2377
Pello,PELL.0,0PEL,Definitiv,2301856.7700,1024069.4788,5839953.0278
Piteå_N,PINO.0,0PIN,Definitiv,2484474.2976,977004.9297,5773182.2771
Piteå_S,PISO.0,0PIS,Definitiv,2490367.3727,987623.2675,5768836.5313
Porjus,PJUS.0,0PJU,Definitiv,2355371.8282,848825.3469,5847003.6484
Prästgårdsberget,PRAS.0,0PRA,Definitiv,2260730.1325,831082.7561,5886680.6578
Ramsjö,RAMS.0,0RAM,Definitiv,2873732.6102,805038.6224,5618251.1792
Ratan,RATA.0,0RAT,Definitiv,2620558.2794,1000461.5220,5709038.6237
Ratan,RATA.1,1RAT,Definitiv,2620553.9242,1000441.6199,5709047.4268
Rautas,RAUT.0,0RAU,Definitiv,2253919.4332,815673.0958,5891327.5257
Rejmyre,REJM.0,0REJ,Definitiv,3182689.1791,908423.5957,5433974.9453
Rengsjö,RENG.0,0REN,Definitiv,2936587.9818,876398.9123,5575040.9919
Ringarum,RING.0,0RIN,Definitiv,3219073.2646,950416.2081,5405467.6841
Rinkabyholm,RIBY.0,0RIB,Definitiv,3374141.7600,983388.0293,5304688.2325
Robertsfors,ROBF.1,1ROF,Definitiv,2601965.8009,991304.2878,5719123.0202
Rockneby,ROCK.0,0ROC,Definitiv,3359023.4430,985208.1679,5313872.9985
Roma,ROMA.0,0ROM,Definitiv,3257654.8121,1086729.5648,5356755.0214
Ronneby,ROBY.1,1ROB,Definitiv,3429944.1869,937394.8866,5277367.4809
Rosenlund,ROSE.0,0ROE,Definitiv,3304591.7525,837045.3404,5372805.8335
Rosvik,ROSV.0,0ROS,Definitiv,2471419.4709,983037.1136,5777709.3170
Rottne,ROTT.0,0ROT,Definitiv,3363093.6059,894250.0211,5327489.2113
Runsten,RUNS.1,1RUN,Definitiv,3362278.5259,1008276.0643,5307536.4180
Ryfors,RYFO.0,0RYF,Definitiv,3419145.9780,848191.5162,5299395.6922
Råddeby,RADD.0,0RAD,Definitiv,3334463.2836,752318.8166,5367017.0677
Rävlanda,RAVL.0,0RAV,Definitiv,3340178.8068,739940.9313,5365049.5960
Rörö,RORO.0,0ROR,Definitiv,3339312.4518,686422.6438,5372575.8271
Sandarne,SAND.0,0SAN,Definitiv,2937426.2684,906696.5605,5569709.9002
Sandvik,SVIK.0,0SVI,Definitiv,3325445.2211,1007849.1469,5330601.5827
Saxnäs,SAXN.0,0SAX,Definitiv,2609572.1269,716221.6165,5756942.7801
Seitevare,SEIT.0,0SEI,Definitiv,2371278.4457,797240.4023,5847921.4679
Sibbhult,SIBB.0,0SIB,Definitiv,3442037.2736,870801.0703,5280932.1136
Sjulnäs,SJNA.0,0SJN,Definitiv,2486688.6046,966614.4465,5773959.5671
Sjulsmark,SJMK.0,0SJM,Definitiv,2465825.5174,970735.9645,5782170.6747
Sjösa,SJOS.0,0SJO,Definitiv,3167248.1768,974464.6601,5431512.9990
Skanör,SKAN.0,0SKN,Definitiv,3537800.8742,807531.7605,5227707.5795
Skelleftehamn,SKEH.0,0SKH,Definitiv,2548821.0020,990181.2356,5742985.2788
Skelleftehamn,SKEH.1,1SKH,Definitiv,2548757.8784,990194.3658,5743014.1232
Skellefteå,SKEL.0,0SKE,Preliminär,2534031.1960,975174.3961,5752078.3420
Skellefteå_C,SKEC.0,0SKC,Definitiv,2547947.3071,974059.4270,5746125.2750
Skellefteå-Mast,SKEL.8,8SKE,Definitiv,2534032.8768,975167.9308,5752078.7228
Skene,SKEN.0,0SNE,Definitiv,3352532.6901,752291.4340,5355685.3106
Skillinge,SKIL.0,0SKL,Definitiv,3511254.9417,893660.3407,5231575.1333
Skinnskatteberg,SKIN.1,1SKI,Definitiv,3093975.6805,869067.3246,5491034.6296
Skogsby,SKBY.0,0SBY,Definitiv,3371392.4734,999474.3718,5303478.6041
Skorped,SKOR.0,0SKO,Definitiv,2727334.1212,880044.4133,5679171.1400
Skurup,SKUR.1,1SKU,Definitiv,3522872.9948,845924.4929,5231764.2117
Skyttorp,SKYT.0,0SKY,Definitiv,3038182.7887,972196.1756,5504684.7525
Skärstad,SKRS.0,0SKR,Definitiv,3292564.5133,843191.6868,5379244.1751
Skövde,SKOV.2,2SKV,Definitiv,3254204.0327,801724.7448,5408654.4309
Slite,SLIT.0,0SLI,Definitiv,3233562.7519,1100683.2520,5368376.7623
Slussfors,SLUS.0,0SLU,Definitiv,2553258.9210,743985.8365,5778251.8351
Smygehamn,SMYG.0,0SMY,Definitiv,3536512.5591,840549.6178,5223403.8117
Smålandsstenar,SMAL.0,0SMA,Definitiv,3372554.0196,803772.0598,5335825.5020
Smögen,SMOG.0,0SMO,Definitiv,3290543.8225,652615.0271,5406535.3751
Sollentuna,SOLL.0,0SOL,Definitiv,3092315.3655,1001946.1761,5469307.7290
Sorsele,SORS.0,0SOR,Definitiv,2525762.6112,798304.0513,5783033.1978
Stavsjö,STJO.0,0STJ,Definitiv,3183682.3942,937654.6455,5428486.6645
Stavsjö,STJO.1,1STJ,Preliminär,3183690.4182,937646.0531,5428482.6901
Stavsnäs,STAV.0,0STA,Definitiv,3091410.9372,1045979.1891,5461608.0934
Stockaryd,STOC.0,0STO,Definitiv,3341196.7039,869986.1922,5345184.3191
Stora Sjöfallet,SSJO.1,1SSJ,Definitiv,2324750.0951,770697.5021,5869872.8445
Storfors,STFO.0,0STF,Definitiv,3142121.6382,799328.9882,5474392.0415
Storlien,STLI.0,0STL,Definitiv,2809573.0372,603439.6798,5675775.3986
Storskäret,SSKA.0,0SSK,Definitiv,3001845.9259,989650.3778,5521340.7836
Storuman,STOR.0,0STU,Definitiv,2574619.2612,792308.6758,5762427.3758
Storvik,STVI.2,2STV,Definitiv,3009465.3534,894331.6431,5533439.8067
Stripa,STIP.0,0STI,Definitiv,3114165.8022,840073.8828,5484210.3436
Strängnäs,STRA.0,0STN,Definitiv,3114499.6972,953476.9156,5465417.3743
Strömsnäs,SNAS.0,0SNA,Definitiv,2776353.8100,788761.8594,5668973.3566
Strömsnäs,SNAS.1,1SNA,Preliminär,2776353.7835,788761.8280,5668973.3465
Strömstad,STRO.0,0STR,Definitiv,3236556.0890,639759.3873,5440363.2437
Strömsund,STSU.0,0STS,Definitiv,2715197.9350,756115.5283,5702787.4122
Styrsö,STYR.0,0STY,Definitiv,3352158.2550,697886.1081,5363145.6858
Stöde,STDE.0,0STD,Definitiv,2839032.1011,844700.8798,5629820.0858
Sundsbruk,SBRU.0,0SBR,Definitiv,2822271.8151,882118.1894,5632455.9322
Sundsvall,SUND.0,0SUN,Definitiv,2838909.9337,903822.0418,5620660.1996
Sundsvall-Mast,SUND.6,6SUN,Definitiv,2838911.3007,903817.0195,5620660.9146
Surte,SURT.0,0SUR,Definitiv,3329459.1687,708745.9726,5375813.6439
Svalöv,SVAL.0,0SVL,Definitiv,3488885.7572,812591.5105,5259554.0522
Svappavaara,SVAP.0,0SVP,Definitiv,2270167.3714,873951.9888,5876675.1585
Svartnäs,SVAR.1,1SVA,Definitiv,2986330.2042,864372.5503,5550836.0483
Svarttjärn,SVTJ.0,0SVT,Definitiv,2568353.9094,989069.2901,5734611.0005
Svedala,SVED.0,0SVD,Definitiv,3523845.3828,828790.4388,5233834.3326
Sveg,SVEG.0,0SVE,Definitiv,2902495.1024,761455.7847,5609859.6902
Sveg-Mast,SVEG.6,6SVE,Preliminär,2902498.2765,761460.3996,5609857.2878
Svängsta,SVST.0,0SVS,Definitiv,3433399.6652,905187.7246,5280758.7295
Sysslebäck,SYSS.0,0SYS,Definitiv,3049635.7073,697659.5834,5539794.3100
Säffle,SAFF.0,0SAF,Definitiv,3196936.6500,734232.6560,5451814.0885
Sälen,SALE.0,0SAL,Definitiv,3002947.8599,707989.9570,5564002.3161
Särna,SARN.0,0SAR,Definitiv,2953011.7048,689808.7168,5592841.1990
Säter,SATE.1,1SAT,Definitiv,3045007.7433,858494.0988,5519852.5481
Sävar,SAAR.0,0SAA,Definitiv,2634432.5484,987913.5645,5704886.8372
Sävast,SAVA.0,0SAV,Definitiv,2438274.9176,972202.7011,5793504.3764
Sävja,SVJA.0,0SVJ,Definitiv,3063204.7124,977764.4268,5489919.3006
Sävträsk,SAVT.0,0SAK,Definitiv,2625353.7315,992528.9332,5708263.9014
Söderboda,SODE.0,0SOD,Definitiv,2993266.6667,996673.8553,5524711.8331
Söderbärke,SBAR.0,0SBA,Definitiv,3073387.9479,855625.4263,5504606.2397
Södertälje,SODT.0,0SDE,Definitiv,3121586.6459,990710.4399,5454874.1924
Söderåkra,SOAK.0,0SOA,Definitiv,3395209.3516,978164.0793,5292304.7008
Södra_Sunderbyn,SSBY.0,0SSB,Definitiv,2445282.2482,985125.1759,5788403.9128
Södra_Vi,SOVI.0,0SOV,Definitiv,3283683.1989,929180.2335,5370517.4118
Tavelsjö,TAVE.0,0TAV,Definitiv,2630282.9547,959744.4475,5711685.2802
Teg,TEG_.0,0TEG,Definitiv,2647360.6449,976362.5946,5700912.3423
Tenhult,TENH.2,2TEN,Preliminär,3309852.9233,845168.3496,5368478.4408
Tierp_C,TIEC.0,0TIE,Preliminär,3016880.9849,951701.2080,5519858.9210
Tived,TIVE.0,0TIV,Definitiv,3208011.8341,831848.4494,5431457.7109
Tjurholmen,TJUR.0,0TJU,Definitiv,3315933.0029,711610.5261,5383700.0928
Torekov,TORE.0,0TOK,Definitiv,3451163.5170,773006.6050,5290043.1916
Torpsbruk,TORP.0,0TOR,Definitiv,3367082.0936,875286.0176,5328114.1395
Torup,TOUP.0,0TOU,Definitiv,3395420.8722,788516.2434,5323603.1411
Tranemo,TRAN.1,1TRA,Definitiv,3343867.4662,793616.1768,5355258.0093
Tranås,TRAS.0,0TRN,Definitiv,3270239.7372,875771.7706,5387586.9194
Trekanten,TREK.0,0TRE,Definitiv,3372289.4538,974690.9490,5307486.1353
Trollhättan,TROL.1,1TRO,Definitiv,3284248.2036,715591.5457,5402481.9901
Träslövsläge,TRAL.0,0TRL,Definitiv,3396697.0865,741396.7635,5329433.1654
Trönninge,TRON.0,0TNN,Definitiv,3389828.3240,737643.9896,5334278.6547
Tuna,TUNA.0,0TUA,Definitiv,3293591.9337,951263.9774,5360627.8515
Tuna_Hästberg,TUHA.0,0TUH,Definitiv,3054106.8053,829439.0776,5519435.9587
Tungelsta,TUNG.0,0TUN,Definitiv,3121489.4233,1016875.8749,5450098.1440
Tvärskog,TVSK.0,0TVS,Definitiv,3380074.7069,971988.2320,5303069.7520
Tyngsjö,TYSJ.0,0TYJ,Definitiv,3076635.9614,759692.1898,5517033.1111
Tyresö,TYRE.2,2TYR,Preliminär,3108091.0488,1022281.2850,5456700.0739
Tystberga,TYST.0,0TYS,Definitiv,3159178.6269,979945.1317,5435233.1574
Töcksfors,TOCK.0,0TOC,Definitiv,3175552.8194,665346.5443,5473035.7128
Tösse,TOSS.1,1TOS,Definitiv,3215828.2551,720879.1700,5442527.9951
Ullatti,ULLA.0,0ULL,Definitiv,2319082.0100,928281.0840,5849224.9067
Ulricehamn,ULRI.1,1ULR,Definitiv,3314866.7670,791144.2890,5373582.8478
Umeå,UMEA.0,0UME,Definitiv,2682407.9183,950395.8796,5688993.1052
Umeå_C,UMEC.1,1UMC,Definitiv,2643135.2686,978138.6114,5702587.4809
Umeå-Mast,UMEA.6,6UME,Definitiv,2682409.9800,950391.3839,5688993.5852
Upplands Väsby,UPVY.0,0UPV,Definitiv,3085938.5343,997294.4725,5473727.0973
Uppsala,UPPS.0,0UPP,Definitiv,3060037.9782,970122.8315,5492999.2201
Vaggeryd,VAGG.0,0VGG,Definitiv,3331224.2651,839403.2105,5356186.1457
Vagnhärad,VAGN.0,0VAG,Definitiv,3145714.0180,991631.1110,5440858.9653
Varberg,VARB.0,0VAR,Definitiv,3393411.2109,737223.1168,5332099.0607
Vebomark,VEBO.0,0VEB,Definitiv,2579555.6369,990729.8204,5729287.3096
Veinge,VEIN.0,0VEI,Definitiv,3432487.6235,797073.4590,5298624.9780
Venjan,VENJ.0,0VEN,Definitiv,3013864.4146,746335.8901,5553060.2825
Vetlanda_C,VEDA.0,0VED,Definitiv,3323619.7985,895929.8047,5351784.5530
Viared,VIAR.0,0VIA,Definitiv,3331811.3023,758118.2227,5367823.2252
Vidsel,VIDS.0,0VID,Definitiv,2452424.7519,917450.9037,5796506.6236
Viken,VIKE.0,0VIK,Definitiv,3475183.3683,775383.8544,5274060.4629
Vilhelmina,VILH.0,0VIL,Preliminär,2620258.8874,779137.9807,5743799.2724
Vilhelmina-Mast,VILH.6,6VIL,Definitiv,2620263.7443,779138.3200,5743797.5423
Vinberget,VINB.0,0VIB,Definitiv,2829293.8113,888151.1245,5628086.5185
Vindeln,VIND.0,0VIN,Definitiv,2620256.6571,938912.2958,5719757.9709
Vinga,VING.0,0VNG,Definitiv,3352781.8621,688524.0097,5363974.8705
Visby,VISB.0,0VIS,Definitiv,3246470.5546,1077900.3165,5365277.8976
Visby-Mast,VISB.6,6VIS,Definitiv,3246466.5563,1077901.8295,5365279.6060
Vislanda,VISL.0,0VSL,Definitiv,3391334.9792,873316.5917,5313113.8661
Vittangi,VITT.0,0VIT,Definitiv,2257964.6667,895238.8961,5878055.9294
Vollsjö,VOLL.0,0VOL,Definitiv,3498678.3025,858203.5365,5245922.8018
Vrena,VREN.0,0VRE,Definitiv,3166911.2667,950166.4828,5436015.9172
Vuollerim,VRIM.0,0VRI,Definitiv,2393583.2511,900939.0330,5823483.7013
Vårgårda,VADA.0,0VAD,Definitiv,3300680.4946,750994.6074,5387807.5157
Våxtorp,VAXT.0,0VAX,Definitiv,3443784.7638,802360.9724,5290535.2786
Vänersborg,VANE.0,0VAN,Definitiv,3249408.2885,692757.9132,5426396.9351
Vänersborg-Mast,VANE.6,6VAN,Definitiv,3249402.7490,692761.9445,5426399.9056
Väne-Åsaka,ASAK.1,1ASA,Definitiv,3286466.7034,723964.1815,5400051.5213
Väse,VASE.0,0VSE,Definitiv,3161507.7382,779639.4204,5466034.2790
Västerfärnebo,VAFA.0,0VAF,Definitiv,3074184.3035,897579.4306,5497465.5603
Västerås,VAST.1,1VAS,Definitiv,3097439.9396,921676.4507,5480467.1471
Västra Måsklinten,VMAS.0,0VMA,Definitiv,2999707.1460,990495.9005,5522330.1649
Ystad,YSTA.0,0YST,Definitiv,3521816.5628,867410.9483,5228902.6045
Ytterån,YTTE.0,0YTT,Definitiv,2784488.3294,702947.8388,5676293.2645
Åby,ABY_.0,0ABY,Definitiv,3193914.5052,926686.9419,5424321.8261
Åbyn,ABYN.0,0ABN,Definitiv,2514610.1345,982066.7473,5759343.2272
Åkersberga,AKER.0,0AKE,Definitiv,3082774.9725,1019646.2499,5471402.5402
Ålund,ALND.0,0ALN,Definitiv,2510660.6841,964789.5997,5764026.0823
Åmmeberg,AMME.0,0AME,Definitiv,3192908.5764,855547.9555,5436601.8227
Åmsele,AMSE.0,0AMS,Definitiv,2594859.1795,911244.0385,5735715.5427
Ånge,ANGE.0,0ANG,Definitiv,2840960.2709,796398.0736,5635959.2739
Ånäset,ANSE.0,0ANS,Definitiv,2590802.4964,996745.4809,5723177.7627
Åsarna,ASAR.0,0ANA,Definitiv,2846989.6061,729481.8054,5642136.5698
Åseda,ASDA.0,0ASD,Definitiv,3342485.0479,917549.3195,5336493.4791
Åsele,ASEL.0,0ASE,Definitiv,2660696.6568,831586.3941,5717878.6223
Åstorp,ASTO.0,0AST,Definitiv,3471585.7226,798373.2296,5273041.3798
Åtvidaberg,ATVI.0,0ATV,Definitiv,3238762.5433,928853.1459,5397553.8359
Älvdalen,ALVD.1,1ALV,Definitiv,2986546.6363,747056.2758,5567562.6128
Älvsbyn2,ALVS.1,1ALB,Definitiv,2459588.5223,944489.1590,5789136.2304
Ätran,ATRA.0,0ATR,Definitiv,3382554.3241,777774.6574,5333332.6450
Ödeshög,ODES.0,0ODE,Definitiv,3257253.2274,851583.3502,5399222.0355
Örkelljunga,ORKE.0,0ORK,Definitiv,3453644.8672,814819.5368,5282308.9714
Örnsköldsvik,ORNS.0,0ORN,Definitiv,2722463.3480,922447.1760,5674646.3229
Örsjö,ORSJ.0,0ORS,Definitiv,3378112.9282,952900.1721,5307836.3041
Österbymo,OSMO.0,0OSM,Definitiv,3284379.6681,897064.7083,5375586.7721
Öster-Malma,OMLM.0,0OML,Definitiv,3151017.6496,972948.0446,5441180.4442
Östersund,OSTE.0,0OST,Preliminär,2763885.5132,733247.3302,5682653.3450
Östersund C,OSTC.0,0OSC,Definitiv,2792537.5953,731198.8849,5668875.7205
Östersund-mast,OSTE.6,6OST,Definitiv,2763889.5559,733243.4893,5682651.6854
Östervåla,OVAL.2,2OSV,Definitiv,3037696.2787,938852.7681,5510713.9865
Östmark,OSTM.0,0OTM,Definitiv,3091485.6233,699968.8841,5516360.6895
Överkalix,OVER.0,0OVE,Definitiv,2368885.0299,994492.1729,5818478.1838
Överkalix-Mast,OVER.6,6OVE,Preliminär,2368886.8651,994496.3284,5818476.6925
Övertorneå,OVET.0,0OVT,Definitiv,2346841.5184,1028174.4006,5821401.6839
Övre Soppero,SOPP.0,0SOP,Definitiv,2217918.4825,882251.3621,5895260.9199
Övre_Bäck,OVBA.0,0OVB,Definitiv,2564754.8427,997667.0373,5734664.1680
